,LotArea,OverallQual,YearBuilt,YearRemodAdd,1stFlrSF,2ndFlrSF,FullBath,HalfBath,BedroomAbvGr,predictedPrices,actualPrices
731,5389,8,1995,1996,1616,0,2,0,2,258821.83603177522,236500
732,9590,7,2003,2003,1146,0,2,0,3,188933.5578883479,187500
733,11404,7,1998,1999,1153,878,2,1,3,244977.41506049433,222500
734,10000,5,1961,1983,1144,0,1,0,3,133181.42179300636,131400
735,8978,5,1968,1968,948,0,1,0,3,110171.00990842027,108000
736,10800,7,1914,1970,880,888,1,1,2,192728.8320995993,163000
737,8544,3,1950,1950,1040,0,2,0,2,61270.66763941292,93500
738,10463,8,2005,2005,901,900,2,1,3,246443.56063629338,239900
739,10800,5,1987,1988,1200,0,3,0,3,129838.67685774458,179000
740,9313,7,2004,2004,864,864,2,1,3,217540.7900050592,190000
741,9600,5,1910,2002,768,664,2,0,2,123877.69788766582,132000
742,6768,6,1961,1996,912,0,1,0,3,133336.0846203377,142000
743,8450,7,2000,2001,1349,0,2,0,3,206948.06867792062,179000
744,12886,5,1963,1999,1464,0,2,0,3,163021.42898005038,175000
745,5395,8,1993,1993,1337,0,2,0,2,228522.68521370017,180000
746,8963,8,1976,1996,1175,1540,3,1,4,281725.2104290996,299800
747,8795,7,2000,2000,980,1276,2,1,4,244901.30154181714,236000
748,11700,7,1880,2003,1320,1320,1,1,4,246783.61832567025,265979
749,10593,7,1996,1996,1720,0,2,0,3,242637.96308102412,260400
750,8405,4,1945,1950,1088,441,2,0,4,96879.73965864303,98000
751,8800,4,1910,2004,792,348,1,0,3,85529.85578906257,96500
752,7750,7,2003,2003,660,660,2,1,3,181073.06497890642,162000
753,9236,6,1997,1997,1494,0,2,0,3,198356.78017147398,217000
754,10240,8,2005,2005,1038,1060,2,1,3,271199.7587689152,275500
755,7930,6,1969,2005,1026,0,1,0,3,152165.71782440878,156000
756,3230,6,1999,1999,742,729,2,1,3,167070.27530790516,172500
757,10769,8,2007,2007,866,902,2,1,3,244742.11086115055,212000
758,11616,6,1978,1978,672,714,2,1,3,148007.346361903,158900
759,2280,7,1999,1999,757,744,2,1,3,190221.98028279445,179400
760,12257,8,1995,1995,1328,1203,2,1,4,294852.156579616,290000
761,9100,6,1959,1959,864,0,1,0,2,125208.01671080315,127500
762,6911,5,1924,1950,1301,0,1,0,2,129490.39501741156,100000
763,8640,7,2009,2009,764,783,2,1,3,205237.70283347415,215200
764,9430,8,1999,1999,1268,1097,2,1,3,292042.0968149316,337000
765,9549,8,1995,1996,1494,0,1,1,2,257660.1175822222,270000
766,14587,9,2008,2008,1506,0,2,0,2,284159.44465331035,264132
767,10421,7,1988,1988,980,734,2,1,3,208866.19224671903,196500
768,12508,6,1940,1985,983,767,2,0,4,163737.04243964073,160000
769,9100,7,2004,2005,1836,0,2,0,3,260019.5322117114,216837
770,53504,8,2003,2003,1690,1589,3,1,4,378885.1483222642,538000
771,7252,5,1982,1982,858,0,1,0,2,119919.25512882485,134900
772,8877,4,1951,1951,1220,0,1,0,2,112802.45946102985,102000
773,7819,6,1976,1976,1117,0,1,0,3,153993.00740865245,107000
774,10150,5,1958,1958,912,0,1,0,2,108792.40618819906,114500
775,14226,8,2006,2006,1973,0,2,0,3,299531.4117844063,395000
776,4500,6,1998,1998,1204,0,2,0,2,175882.2249264128,162000
777,11210,7,2005,2006,1614,0,2,0,3,239491.84627242642,221500
778,13350,5,1974,1974,894,0,1,0,3,111998.90478391736,142500
779,8400,5,1977,1977,2020,0,2,0,4,205619.93307269271,144000
780,10530,6,1977,1977,1004,0,1,0,2,154176.91214204463,135000
781,7875,7,1995,1996,1253,0,2,0,3,192974.4174724929,176000
782,7153,6,1992,1992,810,793,2,1,3,175437.9731829327,175900
783,16285,7,2001,2002,1430,0,2,0,3,220839.25156593672,187100
784,9101,5,1978,1978,1110,0,1,0,1,152898.71643070178,165500
785,6300,6,1914,2001,742,742,2,0,3,137764.78265753225,128000
786,9790,6,1967,1967,1342,0,2,0,3,160185.5779715462,161500
787,10800,5,1915,1950,966,686,2,0,4,111476.52103279228,139000
788,10142,7,2004,2004,956,1128,2,1,4,236244.41017617006,233000
789,6000,4,1954,2000,901,0,1,0,2,97116.35414112406,107900
790,12205,6,1966,2007,976,1111,2,1,5,193312.5395181023,187500
791,3182,7,2005,2006,1145,0,2,0,2,195972.20473180246,160200
792,11333,6,1976,1976,1062,0,1,0,3,150578.01234463323,146800
793,9920,7,1996,1997,1127,886,2,1,3,240417.76257226686,269790
794,9158,8,2007,2007,1496,0,2,0,3,248569.1791130011,225000
795,10832,7,1994,1996,1086,809,2,1,3,230361.73067247448,194500
796,8400,6,1980,1981,888,676,2,1,3,167294.660320743,171000
797,8197,6,1977,1977,1285,0,1,1,3,169743.08566157892,143500
798,7677,5,1953,1953,773,0,1,0,2,89258.88664760115,110000
799,13518,9,2008,2009,1966,1174,3,1,4,379115.6964686464,485000
800,7200,5,1937,1950,981,787,1,1,3,144688.06640884234,175000
801,12798,6,1997,1997,616,1072,2,1,4,172877.10235105897,200000
802,4800,4,1916,1990,1196,0,1,0,2,107146.60164209153,109900
803,8199,7,2005,2005,728,728,2,1,3,194463.97690187,189000
804,13891,9,2008,2009,1734,1088,3,1,4,349839.2518427239,582933
805,9000,5,1954,1954,1128,0,1,0,2,127002.66459267284,118000
806,12274,7,2008,2008,1428,0,2,0,3,223161.3161928968,227680
807,9750,5,1967,1967,980,0,2,0,3,102105.75808463898,135500
808,21384,5,1923,2004,1072,504,1,1,3,156749.970039092,223500
809,13400,5,1966,1966,1086,0,1,0,3,125440.06654609367,159950
810,8100,5,1898,1965,1075,1063,2,0,2,163432.13882168406,106000
811,10140,6,1974,1999,1309,0,1,1,3,179943.86521879514,181000
812,4438,6,2004,2004,848,0,1,0,1,164470.00184709346,144500
813,8712,5,1952,1952,1044,0,1,0,2,116733.26456901082,55993
814,9750,6,1958,1958,1442,0,1,1,4,162871.03295651032,157900
815,8248,5,1918,1950,686,564,1,1,3,92183.21334106871,116000
816,12137,7,1998,1998,1661,0,2,0,3,239125.78177419654,224900
817,11425,5,1954,1954,1008,0,1,0,2,116290.64336910052,137000
818,13265,8,2002,2002,1689,0,2,0,3,266939.77496636915,271000
819,8816,6,1971,1971,1052,0,1,0,3,144154.34433088265,155000
820,6371,7,2009,2010,1358,0,2,0,2,222719.37042521103,224000
821,7226,7,2003,2003,798,842,2,1,3,207248.50428999984,183000
822,6000,4,1953,1953,936,0,1,0,2,83626.09876825311,93000
823,12394,7,2003,2003,847,886,2,1,3,218463.07895125495,225000
824,9900,6,1940,1950,944,545,2,0,3,139804.57725763205,139500
825,11216,8,2006,2006,1489,0,2,0,3,248368.76181877404,232600
826,14803,10,2007,2008,2084,0,2,0,2,363932.1541810031,385000
827,6130,5,1924,1950,784,0,1,0,2,76353.77629317367,109500
828,8529,7,2001,2001,1434,0,2,0,3,216067.34598903288,189000
829,28698,5,1967,1967,1160,966,2,1,3,195931.22229714016,185000
830,2544,7,2005,2005,520,623,2,1,2,171819.2642953077,147400
831,11900,6,1957,1957,1392,0,1,1,3,167586.02372574364,166000
832,3180,7,2005,2005,520,600,2,1,2,170641.8802379074,151000
833,9548,7,2003,2003,941,888,2,1,3,226402.1601785659,237000
834,10004,6,1964,1964,1516,0,1,1,3,184409.65056212083,167000
835,7875,5,1961,1961,1144,0,1,0,3,124070.09526475822,139950
836,9600,4,1950,1995,1067,0,2,0,2,101799.1982937227,128000
837,8100,5,1948,1973,1559,0,1,0,2,174579.56297079148,153500
838,1680,6,1973,1973,483,504,1,1,2,124650.0270480495,100000
839,9525,5,1995,2006,1099,0,1,1,3,148154.44719628827,144000
840,11767,5,1946,1995,768,432,1,0,3,123576.79708848265,130500
841,12155,6,1925,1950,810,672,2,0,4,120802.5289075037,140000
842,10440,5,1904,2002,958,581,2,0,3,126352.8475090065,157500
843,9020,6,1966,1966,1165,0,1,1,3,149587.7626712059,174900
844,8000,5,1961,1961,1800,0,2,0,6,152205.97089757328,141000
845,12665,5,1915,1950,876,540,1,1,4,102160.38887112262,153900
846,16647,5,1975,1981,1701,0,2,0,3,188089.82120758598,171000
847,9317,7,1993,1993,1006,769,2,1,3,217060.3489851437,213000
848,15523,5,1972,1972,864,0,1,0,3,108759.85798367206,133500
849,45600,6,1908,1997,1307,1051,3,0,5,207476.8207574936,240000
850,9600,6,1976,1994,1094,761,2,1,3,197781.0022210786,187000
851,4435,6,2003,2003,848,0,1,0,1,163700.25752170477,131500
852,3196,8,2003,2003,1456,0,2,0,2,246952.24724525912,215000
853,7128,7,1941,1950,918,728,2,0,4,160314.08923221752,164000
854,12095,6,1964,1964,1445,0,1,1,3,178479.94830703246,158000
855,17920,5,1955,1974,1779,0,1,1,3,194745.0340792269,170000
856,6897,5,1962,2010,1040,0,1,1,3,128271.23652228247,127000
857,10970,6,1978,1978,1026,0,1,0,3,148221.73452214221,147000
858,8125,6,1994,1995,702,779,2,1,3,165976.37511033355,174000
859,10400,7,1976,1976,1370,0,2,0,3,191516.70014442154,152000
860,11029,6,1968,1984,1512,1142,2,1,4,251208.31891381484,250000
861,7642,7,1918,1998,912,514,1,1,3,170775.45030825608,189950
862,11625,5,1965,1965,1039,0,1,1,3,116419.57864001486,131500
863,9672,6,1984,1985,1097,0,2,0,3,148569.60829510912,152000
864,7931,5,1959,1959,1148,0,1,0,3,122976.53418129194,132500
865,8640,7,2007,2008,1372,0,2,0,3,214783.71402270743,250580
866,8750,5,1970,1970,1002,0,1,0,3,117064.22480021697,148500
867,10656,8,2006,2007,1646,0,2,0,3,264363.1471116033,248900
868,6970,4,1961,1961,1120,0,1,1,3,97511.79638668825,129000
869,14762,5,1948,1950,1547,720,2,0,2,207565.7003295503,169000
870,9938,7,1993,1994,1062,887,2,1,3,231574.18870201055,236000
871,6600,5,1962,1962,894,0,1,0,2,107822.27293102373,109500
872,8750,6,1998,1998,804,878,2,1,3,186241.2071349863,200500
873,8892,5,1953,1996,910,0,1,0,3,109954.01971444255,116000
874,12144,5,1949,1950,1036,0,1,0,3,106866.8642386247,133000
875,5720,5,1941,1950,676,455,1,1,3,91654.99857039424,66500
876,9000,8,2007,2007,1184,1426,2,1,4,302627.4211743276,303477
877,25286,4,1963,1963,1040,0,1,0,3,104657.18540602573,132250
878,8834,9,2004,2005,1462,762,2,1,4,304661.6061865913,350000
879,11782,5,1961,1995,1155,0,1,0,3,139658.9920967759,148000
880,7000,5,1978,2005,864,0,1,0,3,117624.36270251474,136500
881,7024,5,2005,2006,1090,0,1,1,2,159057.39313362865,157000
882,13758,7,1990,1991,1187,530,2,1,3,219960.38332414976,187500
883,9636,6,1992,1993,808,785,2,1,3,176585.94156421255,178000
884,6204,4,1912,1950,954,795,1,0,5,94218.64710149821,118500
885,7150,5,1967,1967,892,0,1,0,3,102562.90597753925,100000
886,5119,9,1999,2000,1709,0,2,0,2,292385.63040939183,328900
887,8393,5,1959,2005,1712,0,2,0,4,176714.11815231922,145000
888,16466,5,1955,1955,872,521,1,1,3,130378.52982088365,135500
889,15865,8,1970,1970,2217,0,2,0,4,288518.92565096845,268000
890,12160,6,1953,1953,1505,0,1,0,2,187783.22095929692,149500
891,8064,5,1949,2006,672,252,1,0,3,104321.76924384572,122900
892,11184,6,1978,1978,918,765,2,1,3,176279.0507278035,172500
893,8414,6,1963,2003,1068,0,1,0,3,153553.03302855394,154500
894,13284,5,1954,1954,1383,0,1,0,3,146399.53389013768,165000
895,7018,5,1979,1979,1535,0,2,0,4,156904.01961876568,118858
896,7056,6,1963,1963,983,813,1,1,4,173894.43326155958,140000
897,8765,4,1936,1950,951,0,1,0,2,78776.76781178638,106500
898,7018,5,1979,1979,1120,1120,2,0,6,172767.3261980135,142953
899,12919,9,2009,2010,2364,0,2,1,2,369259.5927173237,611657
900,6993,5,1961,1994,1236,0,1,0,3,144574.53094878606,135000
901,7340,4,1971,1971,858,0,1,0,2,90338.11103710975,110000
902,8712,5,1957,2000,1306,0,1,0,2,162479.0222468672,153000
903,7875,7,2003,2003,807,702,2,1,3,198993.69308580505,180000
904,14859,7,2006,2006,1670,0,2,0,3,247878.7803182134,240000
905,6173,5,1967,1967,902,0,1,0,3,102973.47935070563,125500
906,9920,5,1954,1954,1063,0,1,0,3,111718.24006885244,128000
907,13501,8,2006,2006,1636,0,2,0,3,264760.6437302157,255000
908,11500,7,1936,1987,1020,1037,1,1,3,223498.2069975373,250000
909,8885,5,1983,1983,902,0,1,0,2,126183.9772324136,131000
910,12589,6,2005,2005,742,742,2,1,3,178389.12963033817,174000
911,11600,5,1960,1960,1105,1169,2,0,5,172089.1776676306,154300
912,9286,5,1977,1989,1268,0,1,1,3,151748.7989665873,143500
913,6120,5,1925,1950,1015,0,1,0,3,91048.92414808413,88000
914,6270,5,1949,1950,1001,1001,2,0,4,147836.50459226896,145000
915,3000,6,2009,2009,612,612,2,1,2,162602.0842827435,173733
916,2001,4,1970,1970,546,546,1,1,3,80218.7708464521,75000
917,9000,2,1949,1950,480,0,0,0,1,14231.739985394524,35311
918,17140,4,1956,1956,1229,0,1,0,3,113461.77143072453,135000
919,13125,7,1991,1991,912,1215,2,1,4,229587.13557933923,238000
920,11029,6,1958,2002,1414,0,1,0,3,187993.0165707562,176500
921,8462,6,1994,1994,936,785,2,1,3,190072.64916019514,201000
922,8777,5,1900,2003,1272,928,2,2,4,165766.03038736153,145900
923,10237,6,2005,2006,1316,0,2,0,3,187349.27676078374,169990
924,8012,6,1993,1994,1617,0,2,0,2,216641.28577995067,193000
925,10240,6,1980,1980,1686,0,2,0,3,205480.54766924633,207500
926,15611,5,1977,1977,1126,0,2,0,3,128299.29968756717,175000
927,11999,8,2003,2004,1234,1140,2,1,4,287307.06543309893,285000
928,9900,7,1968,1968,1098,880,2,1,4,205949.73832842032,176000
929,11838,8,2001,2001,1788,0,2,0,3,275366.18100153166,236500
930,13006,7,1997,1997,993,1243,2,1,4,244284.34983941796,222000
931,8925,8,2007,2007,1466,0,2,0,3,245369.05536741344,201000
932,9100,5,1965,1965,925,0,1,0,2,114838.22694647033,117500
933,11670,9,2006,2006,1905,0,2,0,3,312205.4449725242,320000
934,8487,7,2004,2004,1500,0,2,0,3,225066.22153303213,190000
935,27650,7,1960,2007,2069,0,2,0,4,268551.2913366803,242000
936,5825,4,1926,1953,747,0,1,0,1,62333.81627901131,79900
937,10083,7,2003,2003,1200,0,2,0,2,203976.81660266663,184900
938,9675,7,2005,2005,1113,858,2,1,3,243481.41436763224,253000
939,8760,7,2006,2006,1391,571,2,1,3,252362.27911402215,239799
940,24090,7,1940,1950,1207,1196,2,0,4,231892.47483558673,244400
941,12640,6,1976,1976,1728,0,2,0,4,198942.1244503078,150900
942,8755,7,1999,1999,1022,1038,2,1,3,241345.31661974266,214000
943,7711,4,1977,1977,1440,0,2,0,4,124935.46212612349,150000
944,25000,5,1967,1967,1632,0,2,0,4,168754.9151920101,143000
945,14375,6,1958,1958,1344,0,1,0,3,167367.29855726007,137500
946,8820,5,1890,1996,1188,561,1,0,2,159756.0237278468,124900
947,8163,5,1959,1959,1144,0,1,0,3,122713.51137569686,143000
948,14536,8,2002,2003,1629,0,2,0,3,261974.2182520763,270000
949,14006,7,2002,2002,936,840,2,1,3,224615.62227993272,192500
950,9360,6,1972,2006,1381,0,1,1,3,188441.7926982583,197500
951,7200,5,1950,2002,864,0,1,0,3,105099.69466950255,129000
952,7800,5,1965,1965,965,0,1,0,3,108865.77497374034,119900
953,7200,5,1972,2003,768,0,1,0,2,114018.46635267814,133900
954,11075,5,1969,1969,1168,800,2,1,4,166727.3749965818,172000
955,9400,6,1975,1975,980,0,2,0,4,119983.02399577806,127500
956,7136,6,1946,1950,979,979,2,0,4,164577.9245728429,145000
957,1300,6,1980,1980,561,668,1,1,2,148948.77381635876,124000
958,7420,5,1962,1962,1057,0,1,0,3,115694.91734911781,132000
959,8450,7,2003,2003,1337,0,2,0,3,207675.57550154463,185000
960,2572,7,1999,1999,696,720,2,1,3,182550.01531438157,155000
961,7207,5,1958,2008,858,0,1,0,2,119165.16782867699,116500
962,12227,6,1977,1995,1542,1330,2,1,4,275485.83358652075,272000
963,2308,6,1976,1976,804,744,2,1,3,156175.40410983376,155000
964,11923,9,2007,2007,1800,0,2,0,2,311674.8779876444,239000
965,11316,7,2002,2003,824,1070,2,1,4,218383.51094799023,214900
966,10237,6,2005,2007,783,701,2,1,3,179005.26524350164,178900
967,9600,5,1940,1950,976,332,1,1,2,125031.53135812446,160000
968,7390,5,1955,1955,1098,0,1,0,3,114476.50504815229,135000
969,5925,3,1910,1950,600,368,1,0,2,34484.83807024779,37900
970,10382,6,1958,1958,1095,0,1,0,2,148762.50136865233,140000
971,10800,4,1949,1950,720,472,1,1,4,73343.06672215695,135000
972,2268,7,2003,2004,764,862,2,0,2,214022.57267374615,173000
973,7892,6,1979,1979,918,0,2,0,2,134276.8512453898,99500
974,11639,7,2007,2008,1428,0,2,0,3,222352.4484249847,182000
975,11414,7,1910,1993,1136,883,1,0,3,218452.3769660776,167500
976,2651,7,2000,2000,673,709,2,1,3,180272.4142765887,165000
977,5900,4,1923,1958,869,0,1,0,2,66096.42325079232,85500
978,4274,7,2006,2007,1241,0,1,1,1,225107.82408838347,199900
979,9450,4,1954,1954,894,0,1,0,3,73025.8244808556,110000
980,8816,5,1963,1963,1121,0,1,0,3,123848.974892464,139000
981,12122,7,1961,2007,999,0,1,0,3,170610.8201080209,178400
982,12203,8,1998,1999,1276,1336,2,1,4,301276.99455953506,336000
983,3182,7,2007,2007,1266,0,2,0,2,209476.4144485991,159895
984,11250,8,2002,2002,1149,1141,2,1,4,277131.23890095134,255900
985,10125,5,1977,1977,1302,432,2,0,4,163118.81746980664,126000
986,10880,5,1950,1950,1164,0,1,0,3,119529.7026307513,125000
987,5310,6,1910,2003,1001,634,1,0,2,175465.24019941268,117000
988,10159,9,2009,2010,1940,0,2,1,3,315125.5636649316,395192
989,12046,6,1976,1976,1118,912,2,1,4,196463.98676967737,195000
990,8125,7,2006,2006,778,798,2,1,3,205065.32575391862,197000
991,9452,8,1997,1998,1407,985,2,1,3,297369.6050628752,348000
992,17671,8,1882,1986,916,826,1,1,4,191566.74894343945,168000
993,9760,6,1964,1993,1020,831,2,1,3,189812.14012818667,187000
994,8846,6,2005,2006,750,750,2,1,3,177776.43658643123,173900
995,12456,10,2006,2007,1718,0,2,0,3,315193.84413498524,337500
996,4712,4,1946,1950,774,456,1,1,3,81956.3659105748,121600
997,10659,5,1961,1961,1050,0,1,0,3,116229.2297269546,136500
998,11717,6,1970,1970,1442,0,2,0,2,183109.18971448205,185000
999,9786,3,1922,1950,1077,0,1,0,3,56023.72728685662,91000
1000,6762,7,2006,2006,1208,0,2,0,2,205029.0848258105,206000
1001,10206,3,1952,1952,944,0,1,0,2,65100.3567230145,82000
1002,5400,5,1920,1950,691,0,1,0,2,64773.32884861645,86000
1003,11957,8,2006,2006,1574,0,2,0,3,257486.06753866095,232000
1004,11500,5,1976,1976,1680,0,2,0,4,172155.3984845318,136905
1005,3182,7,2005,2006,1504,0,2,0,1,241769.63668305124,181000
1006,8385,5,1977,1977,985,0,2,0,3,109444.5316764838,149900
1007,12155,6,1970,1970,1657,0,2,0,3,196039.8079602772,163500
1008,2217,4,1970,1970,546,546,1,1,3,80353.1498550598,88000
1009,12118,7,2004,2005,1710,0,2,0,3,249065.39741451014,240000
1010,6000,5,1926,1950,1008,0,2,0,4,70401.466342611,102000
1011,21286,5,1948,1950,720,551,2,0,4,97370.59538551234,135000
1012,9825,5,1965,1965,1664,0,2,0,4,161037.2583304604,100000
1013,10592,6,1923,1996,900,602,1,1,3,157579.038208768,165000
1014,7200,5,1910,2006,1022,0,1,0,2,115291.00055139186,85000
1015,11664,6,1948,1950,1082,0,1,0,2,141265.49893414322,119200
1016,8400,8,2001,2001,810,855,2,1,3,229743.5426458856,227000
1017,11883,7,1996,1996,1504,0,2,0,3,221443.290381053,203000
1018,5814,8,1984,1984,1360,0,1,0,1,244488.49848063546,187500
1019,10784,7,1991,1992,802,670,2,1,3,189245.18516596826,160000
1020,3013,7,2005,2005,1506,0,2,0,2,232276.8683067467,213490
1021,7024,4,2005,2005,1132,0,1,1,2,141791.3359645279,176000
1022,7406,7,2006,2006,1220,0,2,0,2,206651.80079599516,194000
1023,9439,5,1930,1950,912,336,1,0,2,116910.9745828493,87000
1024,3182,7,2005,2006,1504,0,2,0,2,232532.38911372353,191000
1025,15498,8,1976,1976,2898,0,2,0,2,380724.69607818197,287000
1026,7700,5,1972,1972,882,0,1,0,3,105726.07496370166,112500
1027,9300,5,1960,1960,1264,0,1,0,3,136409.4199414868,167500
1028,9520,8,2007,2008,1646,0,2,0,3,264424.2910166022,293077
1029,9492,5,1941,1950,968,408,1,0,3,122886.03100327775,105000
1030,1680,6,1972,1972,672,546,1,1,3,136765.00006119325,118000
1031,7082,5,1916,1995,948,980,2,0,5,134547.36495665973,160000
1032,15863,7,1920,1970,1687,998,2,1,5,249320.6627038431,197000
1033,14541,8,1993,1993,1352,1168,2,1,5,285550.4413551993,310000
1034,8125,7,2002,2002,1654,0,2,0,3,238988.45523942122,230000
1035,6305,5,1938,1950,954,0,1,0,2,99568.7274523601,119750
1036,11500,4,1957,1957,845,0,1,0,3,71614.7059315627,84000
1037,12898,9,2007,2008,1620,0,2,0,2,294304.4978163454,315500
1038,9240,8,2001,2002,1055,1208,2,1,3,279713.7144300819,287000
1039,1533,4,1970,2008,798,546,1,1,3,119045.29680390214,97000
1040,1477,4,1970,1970,630,0,1,0,1,71940.68010162376,80000
1041,13125,5,1957,2000,1803,0,2,0,3,195564.6715493137,155000
1042,9130,6,1966,2000,800,832,1,1,4,172189.3324253708,173000
1043,5381,6,2005,2005,1306,0,2,0,1,201430.28358616144,196000
1044,11839,7,1990,1990,1532,797,2,1,4,262570.7807547073,262280
1045,9600,8,1981,1981,2524,0,2,1,4,321970.62133255927,278000
1046,13680,3,1955,1955,1733,0,2,0,4,120405.19137786585,139600
1047,16056,9,2005,2006,1992,876,3,1,4,360657.4999107446,556581
1048,9245,5,1994,1995,990,0,1,0,3,134933.2396395416,145000
1049,21750,5,1960,2006,1771,0,1,0,3,212073.9670210965,115000
1050,11100,4,1946,2006,930,0,1,0,2,102056.33205707138,84900
1051,8993,7,2007,2007,1302,0,2,0,3,207520.53781940695,176485
1052,11175,7,2007,2007,1316,0,2,0,3,210303.76000830228,200141
1053,9500,6,1964,1978,1127,850,1,1,4,198334.9959773349,165000
1054,8562,5,1957,2002,1526,0,1,0,4,167023.89733377728,144500
1055,11367,8,2002,2002,1091,898,2,1,3,263914.9415844495,255000
1056,11361,6,1976,1976,1523,0,2,0,3,186506.68858309905,180000
1057,7052,7,2005,2005,1364,0,2,0,2,220328.49991587154,185850
1058,29959,7,1994,1994,979,871,2,1,3,234896.6397987085,248000
1059,11308,9,2008,2008,1130,1054,2,1,3,304315.87721993984,335000
1060,11275,6,1932,1950,1096,895,1,1,3,185441.3692939242,220000
1061,4920,8,2001,2001,1338,0,2,0,2,234472.03837563354,213500
1062,18000,3,1935,1950,894,0,1,0,2,57114.2201834633,81000
1063,13600,5,1900,1950,1422,915,2,0,5,159874.67305920273,90000
1064,6000,6,1925,1980,1103,0,1,0,2,140984.36576124118,110500
1065,11000,5,1966,1966,1154,0,1,1,3,128510.10811703722,154000
1066,14000,7,1996,1997,1306,954,2,1,3,265835.97847620957,328000
1067,7837,6,1993,1994,799,772,2,1,3,174428.94761154358,178000
1068,9760,6,1964,1964,798,813,1,1,4,157504.3308832189,167900
1069,3964,6,1973,1973,1291,1230,2,1,5,219262.43304379005,151400
1070,9600,5,1949,2003,893,0,1,0,2,118723.61320711928,135000
1071,10152,5,1956,1956,1048,0,1,0,3,111870.74467298458,135000
1072,11700,6,1968,1968,829,727,1,1,4,159057.91282157134,154000
1073,7585,5,1948,1950,1002,454,1,0,4,121967.75514783687,91500
1074,7950,6,1977,1977,698,728,1,1,3,159600.5838288481,159500
1075,8556,7,2006,2006,1240,0,2,0,2,209404.02366602537,194000
1076,13125,7,1940,1984,960,780,1,1,3,201414.7313929794,219500
1077,10800,5,1936,1989,1096,370,2,0,3,134838.92619550042,170000
1078,15870,5,1969,1969,1096,0,1,0,3,130298.73878243286,138800
1079,4435,6,2004,2004,848,0,1,0,1,164468.13547197403,155900
1080,8775,5,1994,1994,990,0,1,0,3,134286.78128814977,126000
1081,11040,6,1971,2004,1258,0,2,0,3,167164.24018863682,145000
1082,7500,5,1963,1963,1040,0,1,1,3,112419.39590380294,133000
1083,8749,7,2002,2002,1459,0,2,0,3,219518.06529082148,192000
1084,8800,6,1964,1964,1251,0,1,0,3,159035.1964666685,160000
1085,13031,6,1995,1996,691,807,2,1,3,170591.1942029891,187500
1086,9069,6,1992,1992,996,0,1,0,2,163971.4450831781,147000
1087,1974,4,1973,1973,546,546,1,1,3,82505.6073211832,83500
1088,10574,8,2005,2006,1082,871,2,1,3,263316.1088112255,252000
1089,2522,7,2004,2004,970,739,2,0,3,217923.5600147883,137500
1090,3316,8,2005,2005,1247,0,1,1,1,245190.15813179803,197000
1091,8544,3,1950,1950,1040,0,2,0,2,61270.66763941292,92900
1092,2160,7,1999,2000,624,628,2,1,2,178260.37995184632,160000
1093,8400,6,1925,1950,1390,304,2,0,4,152364.153210792,136500
1094,9230,5,1965,1998,1200,0,1,1,1,161484.12208339944,146000
1095,5868,5,1956,2000,936,0,1,0,2,122615.46739319293,129000
1096,9317,6,2006,2006,1314,0,2,0,3,186987.0621843082,176432
1097,6882,6,1914,2006,773,582,1,1,3,140785.76328812027,127000
1098,3696,8,1986,1986,1088,0,1,1,2,205407.2433825978,170000
1099,6000,4,1936,1950,757,567,1,0,3,86841.82728823158,128000
1100,11880,7,1978,1978,1601,0,2,0,3,217497.9994109685,157000
1101,8400,2,1920,1950,438,0,1,0,1,-13456.004677942488,60000
1102,9758,5,1971,1971,950,0,1,0,3,113163.5791977311,119500
1103,7000,5,1960,2002,1134,0,1,0,2,145847.21840865328,135000
1104,8910,6,1959,1959,1194,0,1,0,3,149459.42010823195,159500
1105,2016,5,1970,1970,630,672,2,1,3,107552.91639756341,106000
1106,12256,8,1994,1995,1500,1122,2,1,3,315651.37229432934,325000
1107,10357,7,1990,1991,1442,0,2,0,3,209926.70432126313,179900
1108,23257,7,2006,2006,887,1134,2,1,3,248560.05806361535,274725
1109,8063,6,2000,2000,948,742,2,1,3,192712.8264129064,181000
1110,11362,8,2004,2005,1836,0,2,0,3,282616.012694116,280000
1111,8000,6,1995,1996,773,885,2,1,3,181146.78756886278,188000
1112,10480,7,1976,1976,1098,866,2,1,4,211496.08235984156,205000
1113,7100,5,1957,1957,816,0,1,0,2,96350.50731021701,129900
1114,8923,5,1953,2006,1008,0,1,0,2,132731.36645021453,134500
1115,5400,5,1954,2000,833,0,1,0,2,111007.26390719018,117000
1116,12085,8,2007,2007,1734,0,2,0,3,274627.8100876445,318000
1117,7750,8,2002,2002,779,640,2,1,3,212245.38174262177,184100
1118,9764,5,1967,2003,894,0,1,0,3,117138.96371496329,130000
1119,13825,5,1958,1987,1021,580,1,0,3,162878.00016549486,140000
1120,7560,5,1959,1959,1040,0,1,0,3,111747.11879081815,133700
1121,8263,6,1920,1950,1012,0,1,0,2,120434.01062090904,118400
1122,10084,7,2005,2006,1552,0,2,0,3,232477.31834752928,212900
1123,8926,4,1956,1956,960,0,1,0,3,80956.9578053779,112000
1124,9405,5,1947,2008,698,0,1,0,2,99686.36402897793,118000
1125,9125,7,1992,1992,812,670,2,1,3,189645.28762956383,163900
1126,10434,4,1955,1955,1005,0,1,0,2,94947.24490148504,115000
1127,3684,7,2007,2007,1555,0,2,0,2,239220.17884081881,174000
1128,14572,7,2004,2004,1530,0,2,0,3,231907.02101182612,259000
1129,11796,7,2004,2005,847,1112,2,1,4,225432.71908452339,215000
1130,7200,5,1980,1980,936,0,1,0,2,126294.58711560094,140000
1131,7804,4,1928,1950,1328,653,2,0,4,128411.74800044508,135000
1132,10712,5,1991,1992,974,0,1,0,3,131912.83996283426,93500
1133,9900,6,1880,1950,1178,1032,2,0,5,153639.0373523198,117500
1134,9828,8,1995,1995,1142,878,2,1,3,261408.25771567156,239500
1135,8773,6,1997,1997,916,684,2,1,3,183625.219004313,169000
1136,6180,6,1926,1950,986,0,1,0,2,118973.22157207946,102000
1137,9600,6,1950,1950,1032,220,1,0,3,141526.49294983572,119000
1138,6342,5,1875,1996,780,240,1,0,2,88502.44481383357,94000
1139,9819,6,1977,1977,1567,0,2,0,2,200033.41125448956,196000
1140,8731,5,1920,1950,1167,0,1,0,3,106083.72175303241,144000
1141,7350,5,1951,1951,952,0,1,0,2,105748.8685731371,139000
1142,10304,5,1976,1976,1088,780,2,1,4,162107.8715261554,197500
1143,9965,8,2006,2007,1466,1362,3,0,4,318480.7465358309,424870
1144,9000,5,1959,1959,1006,0,1,0,3,109180.45442206017,80000
1145,12180,4,1941,1950,672,252,1,0,2,71792.56626500515,80000
1146,6240,5,1928,1950,1042,534,1,0,3,131636.9330139421,149000
1147,11200,6,1985,1985,1298,0,2,0,3,170403.66341933492,180000
1148,12000,7,1941,1950,860,704,1,1,3,173708.81511407765,174500
1149,5700,7,1926,1950,572,539,1,0,2,134566.7239722649,116900
1150,9000,7,1920,1988,832,650,1,0,3,172423.67396435374,143000
1151,8280,6,1950,1950,932,0,1,0,2,124712.02147798962,124000
1152,17755,5,1959,1959,1466,0,1,1,3,159111.17066689185,149900
1153,14115,6,1956,2004,1811,0,1,0,2,239460.68906607735,230000
1154,5890,6,1930,2007,816,0,1,0,2,123316.85286197392,120500
1155,13700,7,1965,1988,902,918,1,2,4,205466.67023797426,201800
1156,10768,5,1976,2004,1437,0,2,0,3,166104.05308767548,218000
1157,9350,5,1965,1999,1265,0,2,0,3,141383.2797860452,179900
1158,5001,7,2007,2008,1314,0,2,0,2,215850.3892568336,230000
1159,11932,8,2007,2008,1580,0,2,0,3,259203.4856678564,235128
1160,9120,6,1974,1974,943,933,2,1,4,176722.34424403822,185000
1161,2280,6,1978,1978,855,601,2,1,3,153107.2250470547,146000
1162,14778,6,1954,2006,1640,0,1,0,3,213101.93174385605,224000
1163,8724,5,1968,1968,894,0,1,0,3,104513.68664795347,129000
1164,12900,4,1969,1969,1258,0,0,2,0,157784.13353242935,108959
1165,16157,5,1978,1978,1432,0,1,1,2,178481.4190515075,194000
1166,9541,7,2009,2009,1502,0,2,0,3,229765.00898380042,233170
1167,10475,8,2008,2008,1694,0,2,0,3,270320.5085753505,245350
1168,10852,6,2000,2000,959,712,2,1,3,193516.35001019342,173000
1169,13728,6,1935,1986,1236,872,2,0,4,195727.59872537362,235000
1170,35760,10,1995,1996,1831,1796,3,1,4,432952.4575980159,625000
1171,9880,6,1977,1977,1118,0,1,0,3,156144.92401976394,171000
1172,9120,6,1958,1958,1261,0,1,0,3,155645.39831490745,163000
1173,4017,7,2006,2007,625,625,2,1,2,184687.46959347557,171900
1174,18030,5,1946,1994,1636,971,3,0,3,230306.53221778804,200500
1175,16560,6,1932,1950,1170,1175,2,1,4,195141.87608865113,239000
1176,10678,8,1992,2000,2129,743,2,1,4,344510.5542190573,285000
1177,6951,5,1984,1985,923,0,1,0,3,119004.09539685771,119500
1178,3950,6,1926,2004,818,406,1,0,3,138126.7591258427,115000
1179,7681,5,1921,1950,820,523,1,1,3,103914.20078289998,154900
1180,8335,5,1954,1954,1124,0,1,0,3,116944.34805700439,93000
1181,11170,7,1990,1991,1298,1216,2,1,4,267335.2926119061,250000
1182,5587,8,2008,2008,1652,0,2,0,2,272239.5728940645,392500
1183,15623,10,1996,1996,2411,2065,3,1,4,498303.04813601845,745000
1184,10800,5,1920,1950,1130,0,1,0,2,112840.10474253795,120000
1185,35133,5,1963,1963,1572,0,1,1,3,183788.90050376276,186700
1186,9738,5,1924,1950,949,272,1,0,4,95530.4277694493,104900
1187,10615,3,1900,1970,1014,685,2,0,3,83914.00038145436,95000
1188,12461,8,1994,1995,1624,0,2,0,2,263268.3379930109,262000
1189,8935,7,2002,2002,831,829,2,1,3,210015.40513241244,195000
1190,7500,7,1999,1999,1028,776,2,1,3,223256.42851789412,189000
1191,32463,4,1961,1975,1622,0,1,0,3,171813.52613303484,168000
1192,2645,8,1999,2000,764,677,2,1,2,217360.09008630505,174000
1193,9600,5,1925,1994,842,630,1,0,3,134262.4461550694,125000
1194,4500,6,1999,1999,1224,0,2,0,2,178686.8819508839,165000
1195,9364,6,1969,1969,663,689,1,1,4,138868.27896529576,158000
1196,8029,6,2005,2005,728,728,2,1,3,173168.98200283316,176000
1197,14054,7,2006,2006,879,984,2,1,4,222523.62397452327,219210
1198,8850,7,1916,1950,815,875,1,0,3,170878.14260622463,144000
1199,9100,7,2001,2001,1212,0,2,0,3,193814.3316631487,178000
1200,11235,4,1963,1979,1382,0,1,1,3,134047.6747768249,148000
1201,9353,4,1970,1970,864,0,1,0,3,82196.3569449929,116050
1202,10400,7,1998,1998,866,913,2,1,3,217164.74245763966,197900
1203,6000,5,1925,1997,884,464,1,0,3,126008.85313125607,117000
1204,9750,7,2000,2001,1630,0,2,0,3,236373.57722226065,213000
1205,10140,5,1975,1975,1074,0,1,1,3,126738.8658383803,153500
1206,14684,7,1990,1991,2196,0,2,0,3,289405.210466102,271900
1207,8900,4,1966,1966,1056,0,1,0,2,107633.34918252844,107000
1208,9135,6,2003,2003,1700,0,2,0,3,223880.03770834114,200000
1209,7763,5,1962,1980,1283,0,1,0,3,145296.98226418276,140000
1210,10182,8,2006,2006,1660,0,2,0,3,265139.9456119933,290000
1211,11218,6,1992,1992,1055,790,2,1,3,202712.2739659301,189000
1212,12134,8,1988,2005,1080,672,2,0,4,236208.28327356954,164000
1213,9340,4,1941,1950,672,0,1,0,2,52790.513462621486,113000
1214,10246,4,1965,2001,960,0,0,0,0,140183.4530172192,145000
1215,10205,5,1962,1962,999,0,1,0,3,111520.87626991677,134500
1216,7094,5,1966,1966,894,0,1,0,3,101963.86693245848,125000
1217,8930,6,1978,1978,1318,584,2,0,4,196357.75848939316,112000
1218,8640,8,2009,2009,1314,0,2,0,3,231247.98466766113,229456
1219,6240,4,1947,1950,672,240,1,0,2,69759.32908206666,80500
1220,1680,6,1971,1971,672,546,1,1,3,135997.12211092445,91500
1221,7800,5,1964,1964,912,0,1,0,2,111937.6800461642,115000
1222,8250,5,1968,1968,1211,0,1,0,3,136501.74770516157,134000
1223,10496,6,1949,1950,1168,678,2,0,3,175808.01961243153,143000
1224,10680,5,1951,1951,2136,0,2,0,4,198886.87008692673,137900
1225,15384,7,2004,2005,788,702,2,1,3,202852.2274224835,184000
1226,10482,6,1958,1958,1138,0,1,0,3,143966.54131284356,145000
1227,14598,6,2007,2007,894,1039,2,1,4,207729.94326425088,214000
1228,8872,5,1965,2008,912,0,1,0,2,128597.03809362208,147000
1229,8769,9,2008,2008,1702,0,1,1,1,318412.1974052624,367294
1230,7910,5,1960,1960,1507,0,2,0,4,140017.78339531785,127000
1231,18890,5,1977,1977,1361,1259,2,2,4,226418.03459942737,190000
1232,7728,5,1962,1962,1190,0,1,0,3,129431.11270483304,132500
1233,9842,4,1962,1962,1224,0,2,0,2,111220.32246928639,101800
1234,12160,5,1959,1959,1188,0,1,0,3,129681.05912322411,142000
1235,8525,5,1911,1950,1024,940,1,1,4,140359.17128037312,130000
1236,13132,5,1914,1950,892,892,1,1,4,127741.1159445867,138887
1237,2628,7,2003,2003,764,862,2,1,2,211530.57091972954,175500
1238,12393,7,2004,2005,847,1101,2,1,4,225051.796802436,195000
1239,13072,6,2005,2005,1141,0,1,1,3,179611.71850413247,142500
1240,9037,8,2006,2006,1484,0,2,0,2,255741.20415771683,265900
1241,8158,7,2003,2003,884,884,2,1,3,219459.0111277427,224900
1242,9849,7,2007,2007,1689,0,2,0,3,247464.75193932233,248328
1243,10625,7,1974,1974,1173,0,2,0,3,170058.64849696285,170000
1244,13891,10,2006,2006,2076,0,2,1,2,359066.21979634673,465000
1245,11435,8,1929,1950,792,725,1,0,3,186453.85417172243,230000
1246,12090,6,1984,2003,1140,728,3,1,3,197218.27491015126,178000
1247,8125,7,2005,2006,756,797,2,1,3,202342.65668370086,186500
1248,12328,6,1976,1976,1034,0,1,0,3,148345.53605540236,169900
1249,9600,6,1917,1950,1134,924,1,1,3,184045.33248773147,129500
1250,7200,5,1950,1950,988,0,1,0,3,99316.62663112581,119000
1251,11160,7,1968,1968,2110,0,2,1,3,258845.4101323185,244000
1252,3136,7,2003,2003,1405,0,2,0,2,220531.89946139161,171750
1253,9858,5,1968,1968,874,0,1,0,3,103182.39736894215,130000
1254,17542,7,1974,2003,1516,651,2,1,3,261722.78159545478,294000
1255,6931,7,2003,2004,760,896,2,1,3,207242.4176783245,165400
1256,6240,6,1931,1950,959,408,1,0,3,136997.3797564844,127500
1257,14303,8,1994,1994,1987,0,2,0,2,301027.77293051523,301500
1258,4060,5,1922,1950,864,0,1,0,2,82385.45702227554,99900
1259,9587,7,2005,2005,1166,0,2,0,2,201741.47405729606,190000
1260,9750,6,1969,1969,1054,0,1,1,3,141041.4239392844,151000
1261,24682,6,1999,1999,892,783,2,1,3,199385.205652697,181000
1262,9600,5,1956,1956,1050,0,1,0,2,120968.25712773507,128900
1263,11250,4,1957,1989,1104,684,1,0,5,137472.18034546333,161500
1264,13515,6,1919,1950,1060,764,1,0,3,171191.41800688813,180500
1265,4060,6,1998,1999,1337,0,2,0,2,189507.13033498195,181000
1266,3735,7,1999,1999,713,739,2,1,3,186304.28964758874,183900
1267,10120,7,1910,1950,964,925,1,1,4,176179.86659841356,122000
1268,13214,9,2008,2009,2018,0,2,0,3,326563.6232864938,378500
1269,14100,8,1935,1997,1968,1479,3,1,4,344894.8465813615,381000
1270,11344,5,1958,1958,874,650,1,1,3,138522.1071325664,144000
1271,23595,7,1979,1979,1332,192,0,1,0,258713.82545322948,260000
1272,9156,6,1968,1968,1489,0,2,0,3,175529.35484193242,185750
1273,13526,5,1965,1965,935,0,1,0,3,109372.8943406227,137000
1274,11512,6,1959,2006,1357,0,1,0,2,193555.98687111237,177000
1275,5362,5,1910,2003,661,589,2,0,3,96331.64686096483,139000
1276,11345,5,1948,1950,928,992,2,0,4,142530.18369216775,137000
1277,12936,6,1972,1972,735,660,1,1,3,157980.37778622494,162000
1278,17871,6,1967,1976,1724,0,1,1,3,215976.58071709005,197900
1279,9473,8,2002,2002,1128,903,2,1,3,266846.64665119,237000
1280,7500,4,1920,1950,698,430,1,0,2,75012.73049124633,68400
1281,9808,7,2002,2002,1573,0,2,0,3,231786.5364309731,227000
1282,8049,7,1990,1990,1339,0,2,0,2,206884.61548381438,180000
1283,8800,5,1977,2008,1040,0,2,0,3,126279.70308460039,150500
1284,9400,6,1971,1971,912,912,2,2,4,167637.7225129085,139000
1285,9638,6,1919,1990,1699,748,2,0,4,226648.86592646432,169000
1286,6000,6,1939,1950,825,587,1,0,4,129517.42537831352,132500
1287,9790,6,1963,1963,1328,0,1,1,3,164362.91455582785,143000
1288,36500,5,1964,1964,1582,0,2,0,4,168513.7716139818,190000
1289,5664,8,2000,2000,1659,0,2,0,2,266857.32559595094,278000
1290,11065,8,2006,2006,1120,850,2,1,3,266469.00267361524,281000
1291,14112,5,1964,1964,1152,0,1,0,3,131068.63461879501,180500
1292,1680,5,1972,1972,630,672,2,1,3,108879.63828471187,119500
1293,6600,5,1892,1965,1378,994,2,0,4,167679.5821435314,107500
1294,10140,7,1976,1976,832,832,2,1,4,181870.011645786,162900
1295,8172,5,1955,1990,864,0,1,0,2,112762.02462365548,115000
1296,8400,5,1968,1968,1052,0,1,1,3,118040.76563553466,138500
1297,8700,5,1963,1963,1128,0,2,0,3,113453.18014081218,155000
1298,3675,6,2005,2006,1072,0,2,0,2,167655.4351133504,140000
1299,63887,10,2008,2008,4692,950,2,1,3,713853.2294649908,160000
1300,7500,5,1959,1994,1246,0,1,1,3,142718.79396017618,154000
1301,10762,7,1999,1999,1005,978,2,1,3,236759.03610231634,225000
1302,7500,6,1942,1950,753,741,1,0,3,144129.54397540563,177500
1303,10120,8,1994,1994,1203,1323,2,1,4,288232.1747240955,290000
1304,8688,7,2005,2005,1616,0,2,0,3,237772.46524668136,232000
1305,3363,7,2004,2004,976,732,2,0,3,218579.04484864045,130000
1306,13173,9,2006,2007,1652,0,2,0,2,296966.55077075795,325000
1307,6955,7,2005,2006,1368,0,2,0,2,221029.5691845084,202500
1308,8072,5,1994,1995,990,0,1,0,3,134203.48696779693,138000
1309,12000,5,1948,2005,1122,0,1,0,2,143832.13450008794,147000
1310,7153,6,1991,1991,1294,0,2,0,3,172085.83526983345,179200
1311,17500,7,1959,2002,1902,0,2,0,3,252282.7482010217,335000
1312,8814,7,2005,2007,1274,0,2,0,3,203730.04999817698,203000
1313,9572,8,1990,1990,1453,1357,2,1,4,312604.86334232567,302000
1314,14774,9,1999,1999,1422,1177,2,1,4,328473.4156512951,333168
1315,8190,4,1954,1954,948,0,1,0,3,77741.25043098861,119000
1316,11075,6,1969,1969,1092,1020,2,1,4,195223.4667744399,206900
1317,10226,8,2008,2008,1630,0,2,0,3,263647.9064029823,295493
1318,4230,7,2006,2007,1352,0,2,0,2,218472.73314182297,208900
1319,14781,8,2001,2002,1787,0,2,0,3,277449.3156227644,275000
1320,10215,4,1954,1954,948,0,1,0,3,79001.05363668641,111000
1321,8400,6,1957,1957,1478,0,1,1,3,174166.73610533378,156500
1322,6627,3,1949,1950,720,0,1,0,2,38112.27130618435,72500
1323,10186,7,1992,1992,1061,862,2,1,3,228794.85620052903,190000
1324,5330,4,1940,1950,708,0,1,0,2,53548.17601877614,82500
1325,9986,8,2006,2007,1795,0,2,0,2,288357.575007034,147000
1326,3636,4,1922,1950,796,0,1,0,2,54007.39351083059,55000
1327,4270,3,1931,2006,774,0,1,0,3,45286.58453042293,79000
1328,6600,5,1982,2008,816,0,1,0,3,115204.69512690441,130500
1329,10440,6,1920,1950,1584,1208,2,0,5,223911.62967846403,256000
1330,9084,7,1998,1998,955,677,2,1,3,209268.77463200898,176500
1331,10000,8,2006,2006,1588,0,2,0,3,257694.314187614,227000
1332,10780,5,1976,1976,954,0,1,0,3,118046.13655464444,132500
1333,8877,4,1938,1958,816,0,1,0,2,68758.30046189856,100000
1334,7200,5,1938,1995,803,557,1,1,2,136413.92397772335,125500
1335,2368,5,1970,1970,765,600,1,1,3,127632.3161742501,125000
1336,9650,6,1977,1977,1334,0,2,0,2,176199.79590830463,167900
1337,9246,5,1973,1973,1656,0,2,0,4,166005.35990485898,135000
1338,4118,4,1941,1950,693,0,1,0,2,51680.39453243278,52500
1339,13450,7,2002,2002,920,941,2,1,3,229548.06331829494,200000
1340,9560,5,1972,1972,864,0,1,0,3,105050.12637104234,128500
1341,8294,4,1971,1971,872,0,1,0,3,83120.11610774067,123000
1342,13695,6,2003,2004,1114,0,1,0,3,178429.86152161192,155000
1343,9375,8,2002,2002,1284,885,2,1,3,281441.4681982575,228500
1344,7558,6,1928,1950,1172,741,1,1,3,178680.7845000443,177000
1345,11103,7,2006,2006,728,728,2,1,3,197038.50596786547,155835
1346,6000,4,1920,1950,960,0,1,0,2,71352.04877827782,108500
1347,20781,7,1968,2003,2156,0,2,0,3,284269.4595902588,262500
1348,15306,8,2006,2007,1776,0,2,0,3,280495.0925292203,283463
1349,16196,7,1998,1998,1494,0,2,0,3,224643.8820413663,215000
1350,5250,8,1872,1987,938,1215,2,0,4,200226.23043905827,122000
1351,11643,5,1969,1969,1338,1296,2,2,6,197480.24743607943,200000
1352,9247,6,1962,1962,858,858,1,1,4,164837.47950434382,171000
1353,6000,6,1937,2000,786,390,1,0,2,147421.9806853477,134900
1354,14720,8,1995,1996,2053,1185,2,1,4,369340.66459744214,410000
1355,10316,7,2000,2000,992,873,2,1,3,228744.1991827446,235000
1356,10192,7,1968,1992,1222,698,3,0,4,206134.60812671483,170000
1357,9477,5,1966,1966,892,0,1,0,3,103242.71299500274,110000
1358,12537,5,1971,2008,1078,0,1,1,3,138666.14813116286,149900
1359,2117,6,2000,2000,769,804,2,1,3,175024.9089131616,177500
1360,16737,9,2004,2005,1980,0,2,0,3,321813.9777598283,315000
1361,9842,5,1921,1998,990,1611,3,1,4,182668.2141131279,189000
1362,16158,7,2005,2005,1530,0,2,0,3,233661.58927529864,260000
1363,12513,4,1920,2007,1281,457,2,0,4,130020.58394578146,104900
1364,8499,6,2006,2007,616,796,2,1,3,167828.12851621094,156932
1365,3180,7,2005,2005,520,600,2,1,2,170641.8802379074,144152
1366,7500,7,2000,2000,814,860,2,1,3,207975.84293727367,216000
1367,9179,7,1999,1999,882,908,2,1,3,218460.46038866788,193000
1368,2665,5,1977,1977,925,550,2,0,4,128154.93820051034,127000
1369,4435,6,2003,2004,848,0,1,0,1,164054.31710436684,144000
1370,10635,8,2003,2003,1668,0,2,0,3,263932.84603391914,232000
1371,5400,4,1920,1950,840,534,1,0,2,95280.3463172398,105000
1372,9600,6,1955,1996,1661,0,1,0,3,208892.40885640727,165500
1373,9750,7,1998,1998,1108,989,2,1,3,246603.3107747354,274300
1374,11400,10,2001,2002,2633,0,2,1,2,410755.4733699132,466500
1375,10625,7,2005,2005,1026,932,2,1,3,240273.57953589293,250000
1376,10991,8,2007,2007,1571,0,2,0,3,257347.45583930402,239000
1377,6292,6,1930,1950,790,0,1,0,2,100737.73811979429,91000
1378,10998,5,1941,1960,984,620,2,0,3,132455.93832592596,117000
1379,1953,6,1973,1973,483,504,1,1,2,124819.86718392884,83000
1380,9735,5,2006,2007,754,640,2,1,3,150792.19656092487,167500
1381,8212,3,1914,1950,864,0,1,0,2,39279.50596235483,58500
1382,12925,6,1970,1970,2117,0,2,1,4,231765.60819257353,237500
1383,7200,7,1920,1950,998,764,1,1,4,170952.58050504653,157000
1384,25339,5,1918,2007,1416,0,2,0,3,150091.13244220824,112000
1385,9060,6,1939,1950,698,560,1,0,2,135115.44555103057,105000
1386,5436,4,1922,2007,796,358,1,0,3,90556.31933900481,125500
1387,16692,7,1978,1978,1392,1392,3,1,5,262538.480146541,250000
1388,8520,6,1916,1950,1664,862,2,0,5,205544.76496616378,136000
1389,14892,9,2006,2007,1746,0,2,0,3,298371.5977936818,377500
1390,6000,6,1941,1950,869,349,1,0,3,127785.51805073628,131000
1391,9100,7,2000,2000,1525,0,2,0,3,224922.04622413637,235000
1392,8944,5,1967,1967,1584,0,2,0,4,153877.8057740836,124000
1393,7838,5,1967,1967,900,0,1,0,3,103805.63963463693,123000
1394,10800,6,1905,2000,1221,691,2,0,3,181778.69950243155,163000
1395,4045,7,2006,2006,1500,0,2,0,2,233075.7455758811,246578
1396,12665,8,2005,2006,1133,1349,2,1,4,293265.7099721432,281213
1397,57200,5,1948,1950,1687,0,1,0,3,200780.67053179676,160000
1398,6120,5,1920,2004,939,574,1,1,4,128018.13038444496,137500
1399,7200,5,1950,1982,1136,768,1,1,3,175883.1689591934,138000
1400,6171,6,1925,1990,1160,448,2,1,3,158440.89665615908,137450
1401,6000,6,1929,1950,950,208,1,0,3,121425.13823053171,120000
1402,7415,6,2004,2004,864,729,2,1,3,185937.61070365622,193000
1403,6762,7,2006,2006,1294,0,2,0,2,213787.23484487785,193879
1404,15256,8,2007,2007,1464,0,2,0,3,249104.05108728795,282922
1405,10410,3,1915,1950,694,520,1,0,3,50075.620381749235,105000
1406,3842,8,2004,2005,1646,0,2,0,2,267825.47875885037,275000
1407,8445,5,1972,2007,768,0,1,0,2,116209.25035794056,133000
1408,8780,5,1985,1985,833,0,1,0,3,111390.27462844388,112000
1409,7740,4,1910,1950,741,622,1,0,3,79297.27869481896,125500
1410,20544,7,1986,1991,1236,857,2,1,3,249881.70586931915,215000
1411,12420,7,2001,2001,944,896,2,1,3,227505.81402152032,230000
1412,9600,6,1950,2005,1112,556,1,1,3,189765.26935963193,140000
1413,7200,4,1949,1950,1040,0,2,0,2,81209.946860509,90000
1414,10994,8,2005,2006,1844,0,2,0,2,293206.90782872867,257000
1415,13053,6,1923,2000,1053,795,1,1,4,180070.42676166585,207000
1416,3635,7,2007,2007,1569,0,2,0,1,249852.68763513537,175900
1417,11340,4,1885,1950,1246,1044,2,0,4,131208.54303669604,122500
1418,16545,8,1998,1998,1310,1140,2,1,3,302918.80458154716,340000
1419,9204,5,1963,1963,1144,0,1,1,3,124070.7481575571,124000
1420,16381,6,1969,1969,1844,0,2,0,3,216944.91477220342,223000
1421,11700,6,1968,1968,708,708,2,1,3,143636.66537018935,179900
1422,4043,6,1977,1977,1069,0,2,0,2,145724.21807668917,127500
1423,4435,6,2003,2003,848,0,1,0,1,163700.25752170477,136500
1424,19690,6,1966,1966,1575,626,2,0,4,222882.43589998456,274970
1425,9503,5,1958,1983,1344,0,1,0,2,161235.80885672453,144000
1426,10721,6,1959,1959,1252,0,1,0,3,156492.74787058658,142000
1427,10944,7,1994,1994,1223,904,2,1,3,250172.6296638425,271000
1428,10930,5,1945,1950,1048,510,1,1,3,138197.2889329868,140000
1429,7200,5,1940,1992,804,0,1,0,2,100547.82551353425,119000
1430,12546,6,1981,1981,1440,0,2,0,3,182630.66334872996,182900
1431,21930,5,2005,2005,734,1104,2,1,4,177717.73378430167,192140
1432,4928,6,1976,1976,958,0,2,0,2,134202.79692486837,143750
1433,10800,4,1927,2007,968,0,2,0,4,68720.0893225735,64500
1434,10261,6,2000,2000,962,830,2,1,3,201524.6500494643,186500
1435,17400,5,1977,1977,1126,0,2,0,3,129412.28138386016,160000
1436,8400,6,1962,2005,1537,0,1,1,3,199239.1861800428,174000
1437,9000,4,1971,1971,864,0,1,0,3,82744.62475619465,120500
1438,12444,8,2008,2008,1932,0,2,0,2,305020.39133114484,394617
1439,7407,6,1957,1996,1236,0,1,0,2,174311.41762177018,149700
1440,11584,7,1979,1979,1040,685,2,1,3,205437.86700979224,197000
1441,11526,6,1922,1994,1423,748,2,0,3,211610.82778051565,191000
1442,4426,6,2004,2004,848,0,1,0,1,164462.5363466153,149300
1443,11003,10,2008,2008,1026,981,2,1,3,309731.36990700755,310000
1444,8854,6,1916,1950,952,0,1,0,2,113036.07582642743,121000
1445,8500,7,2004,2004,1422,0,2,0,3,217130.8707691636,179600
1446,8400,6,1966,1966,913,0,1,0,3,125900.53599725734,129000
1447,26142,5,1962,1962,1188,0,1,0,3,140683.24528122367,157900
1448,10000,8,1995,1996,1220,870,2,1,3,269265.61142666335,240000
1449,11767,4,1910,2000,796,550,1,1,2,107057.69028988038,112000
1450,1533,5,1970,1970,630,0,1,0,1,93164.75274611777,92000
1451,9000,5,1974,1974,896,896,2,2,4,145779.54991032928,136000
1452,9262,8,2008,2009,1578,0,2,0,3,258106.61185430386,287090
1453,3675,5,2005,2005,1072,0,1,0,2,157148.64281142573,145000
1454,17217,5,2006,2006,1140,0,1,0,3,164029.13933431124,84500
1455,7500,7,2004,2005,1221,0,2,0,2,205630.4231855753,185000
1456,7917,6,1999,2000,953,694,2,1,3,189434.47395056346,175000
1457,13175,6,1978,1988,2073,0,2,0,3,248722.9996730939,210000
1458,9042,7,1941,2006,1188,1152,2,0,4,237827.6283885918,266500
1459,9717,5,1950,1996,1078,0,1,0,2,135572.0095621203,142125
1460,9937,5,1965,1965,1256,0,1,1,3,137468.4845278354,147500
